 Customer Name ;Jan-19;Feb-19;Mar-19;Apr-19;May-19;Jun-19;Jul-19;Aug-19;Sep-19;Oct-19;Nov-19;Dec-19;Jan-20;Feb-20;Mar-20;Apr-20;May-20;Jun-20;Jul-20;Aug-20;Sep-20;Oct-20;Nov-20;Dec-20;Jan-21;Feb-21;Mar-21;Apr-21;May-21;Jun-21;Jul-21;Aug-21;Sep-21;Oct-21;Nov-21;Dec-21;Jan-22;Feb-22;Mar-22;Apr-22;May-22;Jun-22;Jul-22
A;;;;;;;;;; 1.190.000 ;; 505.000 ; 210.000 ; 220.000 ; 105.000 ; - ; 308.750 ; 99.750 ; 841.500 ; 85.000 ;-85.000 ; 275.000 ; 220.000 ; 832.500 ; - ; 105.000 ; 382.500 ; 390.000 ; 955.000 ; 957.500 ; - ; 957.500 ; 1.942.500 ; 3.190.750 ; 452.500 ; 1.350.000 ; 1.255.500 ; 470.000 ; 1.000.000 ; 1.092.000 ; 954.300 ; 1.060.050 ; 593.850 
AA;;;;;;;;;;; 6.590.000 ;;;;;;;;;;;;;;;;;;;;;;;;;;;;;;;;
AB;;;;;;;; 1.255.000 ; 2.070.000 ; 2.150.000 ; 1.020.000 ; 2.950.000 ; 1.335.000 ; 2.320.000 ; - ; - ; - ; - ; 595.000 ; - ; - ; - ; 1.771.750 ;-255.000 ; - ; 1.330.000 ; - ; 1.620.000 ; - ; 680.000 ; - ; - ; 850.000 ; 1.020.000 ; - ; 1.020.000 ; 425.000 ; - ; 400.000 ; - ; 566.100 ; - ; 566.100 
AC;;;;;; 1.735.000 ; 620.000 ;; 350.000 ; 425.000 ;;;;;;;;;;;;;;;;;;;;;;;;;;; 1.020.000 ; - ; - ; - ; - ; - ; - 
AD;;;;;;;;;;; 430.000 ;; 585.000 ; - ; - ; - ; - ; - ; - ; - ; - ; - ; - ; - ;;;;;;;;;;;;;;;;;;;
AE;;;;;; 2.195.000 ; 490.000 ; 670.000 ;-390.000 ;;;;;;;;;;;;;;;;;;;;;;;;;;;;;;;;;;
AF;;; 900.000 ; 170.000 ; 340.000 ; 170.000 ; 380.000 ;;; 180.000 ;; - ; - ; - ; 390.000 ; 190.000 ; 180.500 ; 465.500 ; - ; - ; 115.000 ; - ; - ; 390.000 ; - ; 105.000 ; - ; 305.000 ; 570.000 ; - ; - ; - ; - ; - ; 100.000 ; - ;;;;;;;
AG;;;;;; 1.355.000 ; 180.000 ;; 265.000 ;;;; - ; - ; - ; - ; - ; - ; - ; - ; - ; - ; - ; 455.000 ; - ; - ; 155.000 ; 320.000 ; - ; - ; 130.000 ; - ; 250.000 ; - ; - ; - ;;;;;;;
AH; 2.615.000 ;; 2.615.000 ; 540.000 ; 1.135.000 ; 1.250.000 ; 1.020.000 ; 1.020.000 ; 1.020.000 ; 1.020.000 ; 1.190.000 ; 1.020.000 ; 850.000 ; 935.000 ; 180.000 ; - ; 413.250 ; 484.500 ; 745.250 ; 595.000 ; 484.500 ; 180.000 ; - ; 265.000 ;;;;;;;;;;;;;;;;;;;
AI;;;;;;; 7.000.000 ; 280.000 ;;;;;;;;;;;;;;;;;;;;;;;;;;;;;;;;;;;
AJ;;;;;;;;; 2.992.500 ;; 2.888.000 ; 2.907.000 ; - ; - ; - ; - ; - ; - ; - ; - ; 1.080.000 ; 510.000 ; 510.000 ; - ; 710.000 ; - ; - ; 1.900.000 ; 1.190.000 ; 1.050.000 ; - ; - ; - ; - ; - ; - ;;;;;;;
AK;;;;;;;;; 1.175.000 ; 1.530.000 ; 1.745.000 ; 790.000 ; 995.000 ; 380.000 ; 890.000 ; - ; - ; - ; - ; - ; - ; - ; - ; - ;;;;;;;;;;;;; - ; 195.000 ; - ; - ; - ; - ; - 
AL;;;;;;;;; 300.000 ; 155.000 ; 155.000 ; 155.000 ;;;;;;;;;;;;;;;;;;;;;;;;;;;;;;;
AM;;;; 800.000 ;; 790.000 ;;;; 600.000 ; 990.000 ;;;;;;;;;;;;;;;;;;;;;;;;;;;;;;;;
AN;;;;;;;;;;; 1.450.000 ;; - ; - ; 4.125.000 ; - ; - ; - ; 5.917.500 ; - ; - ; - ; - ; - ;;;;;;;;;;;;;;;;;;;
AO; 950.000 ; 200.000 ; 940.000 ; 550.000 ; 200.000 ; 930.000 ; 840.000 ; 400.000 ; 630.000 ; 400.000 ; 1.430.000 ; 400.000 ; 750.000 ; 400.000 ; 410.000 ; - ; - ; - ; 270.000 ; 590.000 ; 140.000 ; - ; 315.000 ; 340.000 ; 185.000 ; 900.000 ; 685.000 ; 385.000 ; 230.000 ; 680.000 ; - ; - ; 480.000 ; 280.000 ; 350.000 ; 365.000 ; - ; 210.000 ; 365.000 ; 350.000 ; 210.000 ; 140.000 ; 155.400 
AP; 2.290.000 ;; 750.000 ; 150.000 ;;;; 890.000 ; 835.000 ;; 1.030.000 ; 1.300.000 ; 1.235.000 ;-170.000 ; 1.235.000 ; - ; - ; 840.750 ; 926.250 ; 1.054.500 ; 1.616.000 ; 836.000 ; 1.017.500 ; 905.000 ; 780.000 ; - ; 741.000 ; 1.750.000 ; 793.250 ; 1.334.750 ; - ; - ; 703.000 ; 1.254.000 ; 807.500 ; - ; 1.360.000 ; - ; 926.250 ; - ; - ; 1.442.822 ; 1.270.673 
AQ; 1.765.000 ; 1.510.000 ; 4.340.000 ; 1.020.000 ; 2.960.000 ; 2.080.000 ; 3.495.000 ; 3.760.000 ; 3.935.000 ; 2.590.000 ;; 4.805.000 ; 1.680.000 ; 1.990.000 ; 1.505.000 ; - ; - ; 1.280.000 ; 1.781.250 ; 2.720.500 ; - ; 807.500 ; 2.720.000 ; 510.000 ; 1.165.000 ; 1.080.000 ; 1.163.750 ; 2.237.250 ; 973.750 ; 2.332.250 ; - ; 1.624.500 ; 1.154.250 ; 916.750 ; 1.182.750 ; 1.738.500 ; 1.163.750 ; 1.596.000 ; 646.000 ; 1.756.693 ; 1.455.590 ; 1.745.198 ; 1.091.408 
AR;;;;;;; 2.605.000 ; 240.000 ; 875.000 ; 485.000 ; 860.000 ; 1.080.000 ;;;;;;;;;;;;;;;;;;;;;;;;;;;;;;;
AS;;;;;;;; 4.420.000 ; 2.995.000 ; 3.280.000 ; 4.200.000 ; 5.035.000 ; 4.060.000 ; 2.190.000 ; 2.375.000 ; 505.000 ; 760.000 ; 3.970.000 ; 1.740.000 ; - ; - ; - ; 1.055.000 ; 1.825.000 ; 2.655.000 ; - ; 1.140.000 ; 2.351.250 ; 1.520.000 ; 688.750 ; 285.000 ; 1.729.500 ; 1.806.500 ; 1.604.500 ; 1.466.750 ; 1.978.000 ; 1.186.500 ; 1.171.500 ; 1.283.000 ; - ; - ; - ; 338.550 
AT; 981.820 ;-177.273 ;;;;;;;;;;;;;;;;;;;;;;;;;;;;;;;;;;;;;;;;;
AU;;;;; 1.050.000 ;; 400.000 ;; 370.000 ; 410.000 ; 400.000 ;; - ; 400.000 ; - ; - ; - ; 770.000 ; - ; - ; 570.000 ; - ; 410.000 ; - ;;;;;;;;;;;;; - ; - ; - ; 210.000 ; - ; 167.620 ; - 
AW;; 140.000 ;;;;;;;;;;;;;;;;;;;;;;;;;;;;;;;;;;;;;;;;;
AX;;; 970.000 ;;;;;;;;;;;;;;;;;;;;;;;;;;;;;;;;;;;;;;;;
AY;;;;;;;;; 1.560.000 ; 3.120.000 ; 1.560.000 ;; 1.560.000 ; - ; - ; - ; - ; - ; - ; - ; - ; - ; - ; - ;;;;;;;;;;;;;;;;;;;
AZ;;;;;;;;;; 1.170.000 ; 1.170.000 ; 1.755.000 ; 585.000 ; 585.000 ; 1.180.000 ; - ; - ; - ; - ; - ; - ; - ; - ; - ;;;;;;;;;;;;;;;;;;;
B; 400.000 ; 135.000 ; 95.000 ; 135.000 ; 440.000 ; 565.000 ; 315.000 ; 495.000 ; 410.000 ; 525.000 ; 390.000 ; 505.000 ; - ; 340.000 ; 390.000 ; - ; 256.500 ; 327.750 ; 615.000 ; - ; 305.000 ; 350.000 ; 530.000 ; 95.000 ; 350.000 ; 460.000 ; 265.000 ; 485.000 ; 435.000 ; 180.000 ; - ; 180.000 ; 265.000 ; 484.500 ; - ; - ; 350.000 ; - ; - ; 387.400 ; - ; 660.450 ; - 
BA;; 410.000 ;;;;;;;;;;;;;;;;;;;;;;;;;;;;;;;;;;;;;;;;;
BB;;;;;;;;; 680.000 ; 1.365.000 ; 1.300.000 ;; - ; 1.215.000 ; - ; - ; - ; - ; 508.250 ; - ; - ; 585.000 ; 535.000 ; 310.000 ;;;;;;;;;;;;;;;;;;;
BC;;;;;;;;; 420.000 ;;;;;;;;;;;;;;;;;;;;;;;;;;;; - ; - ; - ; 387.400 ; - ; - ; - 
BD;;;;;;;;;;;; 1.415.000 ; 2.630.000 ; 1.380.000 ; 990.000 ; - ; - ; - ; - ; - ; - ; - ; - ; - ;;;;;;;;;;;;;;;;;;;
BE; - ; 200.000 ;;;;;;;;;;; 315.000 ; - ; - ; - ; - ; - ; - ; 700.000 ; 570.000 ; 498.750 ; 498.750 ; - ; - ; - ; - ; 2.505.750 ; 1.372.750 ; 1.330.000 ; 1.830.000 ; 1.885.750 ; 525.000 ; 3.268.250 ; 6.390.750 ; 6.575.000 ; 3.105.000 ; - ; 1.750.000 ; 6.948.600 ; 1.986.900 ; 7.437.000 ; 6.815.400 
BF;; 1.560.000 ;;;;;;; 770.000 ;;;;;;;;;;;;;;;;;;;;;;;;;;;;;;;;;;
BG;;; 265.000 ; 265.000 ; 255.000 ;; 535.000 ;;;;;; 435.000 ; - ; - ; - ; - ; - ; - ; - ; - ; - ; - ; - ; - ; - ; - ; - ; - ; - ; 180.000 ; - ; - ; - ; - ; - ;;;;;;;
BH;;;;;;; 3.350.000 ; 420.000 ; 165.000 ;;;;;;;;;;;;;;;;;;;;;;;;;;;;;;;;;;
BI;;;;;;; 1.770.000 ;;;;;;;;;;;;;;;;;;;;;;;;;;;;;;;;;;;;
BJ; 1.930.000 ;; 2.055.000 ; 1.940.000 ; 2.040.000 ; 585.000 ; 1.045.000 ; 2.685.000 ;; 4.170.000 ; 1.275.000 ; 1.410.000 ; 3.965.000 ; - ; 4.380.000 ; - ; - ; - ; 1.339.500 ; 2.695.000 ; 350.000 ; 2.892.750 ; 1.246.000 ; 2.818.000 ; - ; 2.394.000 ; - ; 1.309.000 ; - ; 1.268.250 ; - ; - ; - ; 798.000 ; 1.368.000 ; 3.570.000 ; 3.581.500 ; - ; 5.472.000 ; 1.829.890 ; 4.246.770 ; - ; - 
BK;; 5.870.000 ; 722.500 ; 1.590.000 ;;;;;;;;;;;;;;;;;;;;;;;;;;;;;;;;;;;;;;;
BL;; 510.000 ; 290.000 ; 2.325.000 ; 510.000 ;;; 535.000 ;;;;;;;;;;;;;;;;;;;;;;;;;;;;;;;;;;;
BM;;;;;;;;;;; 165.000 ;;;;;;;;;;;;;;;;;;;;;;;;;;;;;;;;
BN;;;;;;;; 255.000 ; 965.000 ;; 1.500.000 ;;;;;;;;;;;;;;;;;;;;;;;;;;;;;;;;
BO; 2.900.000 ; 10.815.000 ; 4.845.000 ; 1.600.000 ; 5.533.500 ; 3.193.900 ; 17.149.900 ;; 2.170.000 ; 45.500.000 ; 24.456.000 ; 3.000.000 ; 5.710.000 ; - ; 2.000.000 ; 2.335.000 ; 11.062.500 ; 9.170.000 ; 1.625.000 ; 8.500.000 ; 3.600.000 ; 1.000.000 ; 34.440.000 ; 18.092.500 ; 27.755.000 ; 14.150.000 ; 10.500.000 ; 17.585.000 ; 8.525.000 ; 19.600.000 ; 3.375.000 ; 17.320.000 ; 10.750.000 ; 16.075.000 ; 16.480.000 ; 16.300.000 ; 33.329.000 ; - ; 36.510.000 ; 14.580.000 ; 25.774.485 ; 31.703.040 ; 23.220.000 
BP;;; 600.000 ;;;;; 185.000 ;; 800.000 ;;; - ; - ; 600.000 ; - ; - ; - ; - ; - ; - ; - ; - ; 600.000 ; - ; - ; 570.000 ; - ; - ; 570.000 ; - ; 355.000 ; 765.000 ; 570.000 ; - ; 285.000 ; 600.000 ; - ; - ; - ; - ; - ; - 
BQ;;;;;;;;;;; 2.968.200 ;;;;;;;;;;;;;;;;;;;;;;;;;;;;;;;;
BR;;;;;;; 2.280.000 ;;;;;;;;;;;;;;;;;;;;;;;;;;;;;;;;;;;;
BS;;;;;;; 250.000 ;;;;;;;;;;;;;;;;;;;;;;;;;;;;;;;;;;;;
BT;; 465.000 ;;;; 160.000 ; 5.000 ;;;;;;;;;;;;;;;;;;;;;;;;;;;;;;;;;;;;
BU;;;;;;;;;;;; 1.675.000 ; 3.975.000 ; 895.000 ; 360.000 ; - ; - ; 589.000 ; 698.250 ; 546.250 ; 375.000 ; 489.250 ; 375.000 ; 1.002.000 ; 725.000 ; 1.155.000 ; 707.750 ; 717.250 ; 1.125.750 ; 874.000 ; 760.000 ; 555.750 ; 617.500 ; 1.097.250 ; - ; 513.000 ; 1.258.750 ; - ; 555.750 ; 727.985 ; - ; 477.300 ; - 
BV;;;;;;;;;;;; 340.000 ;;;;;;;;;;;;;;;;;;;;;;;;;;;;;;;
BW;;;;;;;;;;;; 1.445.000 ; 180.000 ; - ; 495.000 ; - ; - ; - ; - ; - ; - ; - ; - ; - ;;;;;;;;;;;;;;;;;;;
BX;;;;;;;;;;; 835.000 ; 325.000 ;;;;;;;;;;;;;;;;;;;;;;;;;;;;;;;
BY;;;-45.000 ;;;;;;;;;;;;;;;;;;;;;;;;;;;;;;;;;;;;;;;;
BZ;; 210.000 ;;; 100.000 ;-100.000 ; 375.000 ; 375.000 ;; 265.000 ;;;;;;;;;;;;;;;;;;;;;;;;;;;;;;;;;
C;;;;; 180.000 ; 350.000 ; 445.000 ;; 180.000 ;;;;;;;;;;;;;;;;;;;;;;;;;;;;;;;;;;
CA;;; 600.000 ;;;; 410.000 ;;;;; 210.000 ;;;;;;;;;;;;;;;;;;;;;;;;;;;;;;;
CB;;;;;;;;; 265.000 ;;;;;;;;;;;;;;;;;;;;;;;;;;;;;;;;;;
CC; 17.590.910 ;; 3.654.546 ; 4.200.000 ; 5.563.637 ;; 2.727.273 ; 2.727.273 ;;;; 200.000 ; 481.819 ; 840.910 ; 1.518.182 ; - ; - ; - ; - ; - ; - ; - ; 345.910 ; 2.452.728 ; 363.637 ; 395.455 ; 759.092 ; 2.245.456 ; 1.581.819 ; 1.172.728 ; - ; - ; 709.091 ; 1.945.456 ; 3.981.819 ; 2.550.000 ; 2.118.183 ; 2.109.091 ; 859.091 ; 2.500.001 ; 2.725.766 ; 3.240.766 ; 2.797.137 
CD;;;; 4.150.000 ;;;;;;;;;;;;;;;;;;;;;;;;;;;;;;;;;;;;;;;
CE;;;;;;;;;;; 625.000 ;;;;;;;;;;;;;;;;;;;;;;;;;;;;;;;;
CF;;;;;;; 5.145.001 ;;;;;;;;;;;;;;;;;;;;;;;;;;;;;;;;;;;;
CG;;; 820.000 ;;;;;;;;;;;;;;;;;;;;;;;;;;;;;;;;;;;;;;;;
CH; 370.000 ;; 210.000 ;;; 305.000 ;;;;; 95.000 ;;;;;;;;;;;;;;;;;;;;;;;;;;;;;;;;
CI;;;;;;;;; 600.000 ;;;;;;;;;;;;;;;;;;;;;;;;;;;;;;;;;;
CJ;;;;;;;; 2.000.000 ; 1.800.000 ;; 2.000.000 ;;;;;;;;;;;;;;;;;;;;;;;;;;;;;;;;
CK; 4.350.000 ;;;;;;;;;;;;;;;;;;;;;;;;;;;;;;;;;;;;;;;;;;
CL;;;;;;;; 990.000 ; 210.000 ; 355.000 ; 205.000 ; 295.000 ; 235.000 ; - ; - ; - ; - ; - ; 260.000 ; - ; 285.000 ; - ; - ; - ;;;;;;;;;;;;;;;;;;;
CM;;;;;;;; 345.000 ;;;;;;;;;;;;;;;;;;;;;;;;;;;;;;;;;;;
CN;;;;; 280.000 ;;;;;;;;;;;;;;;;;;;;;;;;;;;;;;;;;;;;;;
CO;;;;;; 3.534.000 ;;; 425.000 ; 935.000 ;;;;;;;;;;;;;;;;;;;;;;;;;;;;;;;;;
CP;;;;;;;;; 990.000 ;;; 1.200.000 ; - ; - ; - ; - ; - ; - ; - ; - ; - ;-200.000 ; - ; - ;;;;;;;;;;;;;;;;;;;
CQ1;;;;;;;;;;;;;;;;;;;;;;;;;;;;;;;;;;;; 1.150.000 ;;;;;;;
CQ2;;;;;; 1.030.000 ; 356.000 ;;;;;;;;;;;;;;;;;;;;;;;;;;;;;;;;;;;;
CQ3;;;;;;; 1.644.000 ;;;;;; - ; - ; - ; - ; - ; - ; - ; - ; - ; 996.999 ; 673.200 ; - ; - ; - ; - ; - ; - ; - ; - ; 156.000 ; - ; - ; - ; - ; 3.210.000 ; 134.000 ; 1.685.000 ; 330.000 ; - ; 499.500 ; 485.070 
CR;;;;;;;;;; 470.000 ;;;;;;;;;;;;;;;;;;;;;;;;;;;;;;;;;
CS;;;;;;;; 625.000 ;;; 350.000 ; 680.000 ; - ; - ; - ; - ; - ; - ; - ; 180.000 ; - ; - ; - ; - ;;;;;;;;;;;;;;;;;;;
CT; 2.043.000 ; 1.895.000 ; 5.378.000 ; 3.050.000 ; 3.001.000 ; 3.823.000 ; 2.930.000 ;;;;;;;;;;;;;;;;;;;;;;;;;;;;;;;;;;;;
CU;;;;;;;;;;;; 1.595.000 ; - ; 1.500.000 ; - ; - ; - ; - ; - ; - ; - ; - ; - ; - ;;;;;;;;;;;;;;;;;;;
CV;;;;; 95.000 ;;;;;;;;;;;;;;;;;;;;;;;;;;;;;;;;;;;;;;
CW;;; 385.000 ;-385.000 ;;;;;;;;;;;;;;;;;;;;;;;;;;;;;;;;;;;;;;;
CX;;;;;;; 165.000 ; 680.000 ;; 660.000 ; 660.000 ;;;;;;;;;;;;;; 340.000 ; - ; - ; - ; - ; - ; - ; - ; - ; - ; - ; - ;;;;;;;
CY;;;; 4.520.000 ;; 3.640.000 ; 2.400.000 ;;;;;;;;;;;;;;;;;;;;;;;;;;;;;;;;;;;;
CZ;;;;;;;;;;;; 80.000 ; 150.000 ; 350.000 ; 230.000 ; - ; - ; 538.000 ; 150.000 ; 205.000 ; - ; - ; 465.000 ; 555.000 ; 495.000 ; 405.000 ; 150.000 ; 205.000 ; 275.000 ; 280.000 ; - ; - ; - ; - ; - ; - ;;;;;;;
D; 4.030.000 ; 760.000 ; 5.150.000 ; 6.725.000 ; 7.505.000 ; 5.120.000 ; 6.855.000 ; 2.370.000 ; 3.800.000 ; 2.915.000 ;; 1.765.000 ; 1.630.000 ; 2.685.000 ; 960.000 ; - ; - ;-960.000 ; 932.750 ; 1.425.000 ; 870.000 ; - ; 2.047.250 ; 1.470.000 ; 1.335.000 ; - ; 1.300.000 ; 1.860.000 ; - ; 2.156.500 ; - ; 1.149.500 ; 2.558.750 ; - ; - ; - ;;;;;;;
DA; 110.000 ; 180.000 ;; 110.000 ; 180.000 ; 365.000 ;; 95.000 ; 95.000 ; 345.000 ; 360.000 ; 180.000 ; 245.000 ; 380.000 ; 290.000 ; - ; 85.500 ; 437.500 ; - ; 320.000 ; - ; - ; - ; 315.000 ; - ; 180.000 ; - ; - ; 180.000 ; - ; - ; 180.000 ; - ; 180.000 ; - ; - ; 460.000 ; - ; - ; - ; - ; - ; 503.950 
DB;; 210.000 ;; 295.000 ;;; 410.000 ;;;;;; - ; - ; 210.000 ; - ; - ; - ; - ; - ; - ; - ; - ; - ; 295.000 ; - ; - ; - ; - ; - ; - ; - ; - ; - ; 1.085.000 ; 640.000 ; 435.000 ; - ; 817.000 ; 1.783.340 ; 566.100 ; 1.666.388 ; 865.800 
DC;;; 150.000 ;;;;;;;;;;;;;;;;;;;;;;;;;;;;;;;;;;;;;;;;
DD;;;;;;;;;;;; 3.810.000 ; 1.445.000 ; 850.000 ; 710.000 ; - ; - ; 608.000 ; 970.000 ; 385.000 ; 255.000 ; - ; - ; 170.000 ; 170.000 ; - ; - ; - ; 255.000 ; - ; - ; - ; 255.000 ; 170.000 ; - ; 340.000 ; 170.000 ; 620.000 ; - ; 310.000 ; - ; - ; 555.000 
DE; 420.000 ; 515.000 ; 420.000 ; 485.000 ; 410.000 ;; 895.000 ; 410.000 ;;;;;;;;;;;;;;;;;;;;;;;;;;;;;;;;;;;
DF;; 360.000 ;;;;;;;;;; 1.485.000 ; 2.000.000 ; 255.000 ; - ; - ; - ; 161.500 ; 750.000 ; 265.000 ; 340.000 ; 290.000 ; - ; 255.000 ;-255.000 ; - ; - ; - ; - ; - ; - ; - ; - ; - ; - ; - ;;;;;;;
DG;;;;;;;;;;; 1.585.000 ;; 255.000 ; 1.210.000 ; 1.875.000 ; - ; - ; - ; - ; - ; - ; 430.000 ; - ; - ;;;;;;;;;;;;;;;;;;;
DI;;;;;;;;; 6.930.000 ; 8.070.000 ; 7.980.000 ; 4.935.000 ; 4.650.000 ; 4.510.000 ; 4.110.000 ; - ; - ; 536.750 ; 2.137.500 ; 1.765.000 ; - ; - ; 2.137.500 ; 2.218.250 ; - ; 3.540.000 ; - ; 2.137.500 ; 3.899.750 ; - ; - ; - ; - ; 2.160.000 ; - ; - ; 3.900.000 ; - ; 3.645.000 ; - ; 2.154.800 ; - ; - 
DJ;;;;;;;; 2.110.000 ; 1.020.000 ; 2.935.000 ; 1.020.000 ; 1.360.000 ; - ; 2.960.000 ; - ; - ; - ; - ; - ; - ; 551.000 ; - ; - ; 1.406.000 ; - ; - ; - ; - ; - ; 1.366.500 ; - ; - ; 1.080.000 ; 510.000 ; - ; 485.000 ;;;;;;;
DK;;;;;;;;;;; 510.000 ;; - ; - ; - ; - ; - ; - ; 510.000 ; - ; - ; - ; - ; - ;;;;;;;;;;;;;;;;;;;
DL;;;;;;;;; 410.000 ; 600.000 ; 600.000 ; 600.000 ; 600.000 ; 1.010.000 ; - ; 600.000 ; 410.000 ; - ; 1.400.000 ; 800.000 ; 800.000 ; - ; 1.400.000 ; 1.400.000 ; - ; - ; 1.360.000 ; - ; 1.026.000 ; 570.000 ; - ; - ; 570.000 ; 950.000 ; - ; 800.000 ; 370.000 ; - ; - ; 731.500 ; - ; - ; 899.100 
DM; 410.000 ;;;; 400.000 ;;;;; 1.000.000 ; 1.000.000 ;; - ; - ; - ; - ; - ; - ; - ; - ; - ; 410.000 ; - ; 1.140.000 ; - ; - ; - ; 410.000 ; 760.000 ; - ; - ; 760.000 ; - ; - ; - ; 800.000 ; - ; - ; - ; 570.000 ; - ; 919.100 ; 419.590 
DN;;;;;;;; 610.000 ; 610.000 ; 550.000 ; 500.000 ; 610.000 ; 610.000 ; 610.000 ; - ; - ; - ; - ; 610.000 ; 2.140.250 ; 550.000 ; 170.000 ; - ; 610.000 ; - ; 845.000 ; - ; 995.000 ; - ; - ; - ; - ; 494.000 ; 265.000 ; - ; 360.000 ; 180.000 ; 520.000 ; - ; - ; - ; - ; 543.900 
DO;;;;;;;; 170.000 ;;;;; - ; 255.000 ; - ; - ; - ; - ; - ; - ; - ; - ; - ; - ;;;;;;;;;;;;;;;;;;;
DP;;;;;;;;; 510.000 ;;;;;;;;;;;;;;;;;;;;;;;;;;;;;;;;;;
DQ;;-2.100.000 ;;;;;;;;;;;;;;;;;;;;;;;;;;;;;;;;;;;;;;;;;
DR; 570.000 ; 580.000 ; 540.000 ; 540.000 ; 540.000 ; 540.000 ; 900.000 ; 540.000 ; 540.000 ; 540.000 ;; 540.000 ; 540.000 ; - ; - ; - ; - ; - ; - ; - ; - ; - ; - ; - ;;;;;;;;;;;;;;;;;;;
DS;;; 1.135.000 ; 700.000 ; 870.000 ; 1.145.000 ; 860.000 ; 1.260.000 ; 860.001 ;;; - ; - ; - ; 480.000 ; - ; - ; - ; - ; - ; - ; - ; - ; - ;;;;;;;;;;;;;;;;;;;
DT;;;;;;;;; 390.000 ;;;;;;;;;;;;;;;;;;;;;;;;;;;;;;;;;;
DU;;; 1.125.000 ; 2.250.000 ;; 2.250.000 ; 2.250.000 ;; 2.250.000 ; 2.250.000 ; 2.250.000 ; 3.375.000 ; - ; - ; 2.250.000 ; - ; 1.068.750 ; 2.250.000 ; - ; 1.125.000 ; - ; 1.125.000 ; - ; 1.068.750 ; - ; 2.250.000 ; - ; - ; - ; - ; - ; - ; - ; - ; - ; - ;;;;;;;
DV;;;;;;;;; 265.000 ;; 265.000 ;; - ; - ; - ; - ; - ; - ; 95.000 ; - ; - ; - ; - ; - ;;;;;;;;;;;;;;;;;;;
DW;;;;;;;; 505.000 ;;;;;;;;;;;;;;;;;;;;;;;;;;;;;;;;;;;
DX;;; 205.000 ; 340.000 ; 345.000 ; 150.000 ;; 495.000 ;;; 415.000 ; 205.000 ; 605.000 ; 565.000 ; 780.000 ; - ; 251.750 ; 251.750 ; 665.500 ; 345.000 ; - ; 670.000 ; - ; 545.000 ; - ; - ; 498.750 ; - ; 400.000 ; - ; - ; - ; - ; - ; - ; - ;;;;;;;
DY;;;;;;;;; 290.000 ;;;;;;;;;;;;;;;;;;;;;;;;;;;;;;;;;;
DZ;;;;;; 600.000 ;;;;;;; - ; - ; - ; - ; - ; 1.938.000 ; - ; - ; - ; - ; - ; - ; 1.442.500 ; - ; - ; - ; - ; - ; - ; - ; - ; - ; - ; - ;;;;;;;
E;;;;;;;;;;; 410.000 ;; - ; 595.000 ; - ; - ; 570.000 ; - ; - ; - ; - ; - ; - ; 410.000 ; - ; - ; 410.000 ; - ; 410.000 ; - ; - ; - ; 410.000 ; - ; - ; - ; 655.000 ; - ; - ; 570.000 ; - ; - ; - 
EA; 885.000 ; 1.010.000 ; 600.000 ; 800.000 ; 1.600.000 ;; 1.400.000 ; 1.000.000 ;;; 800.000 ;; - ; 800.000 ; - ; - ; - ; - ; - ; - ; - ; - ; - ; 1.210.000 ; - ; - ; - ; - ; 570.000 ; - ; 380.000 ; 380.000 ; - ; 731.500 ; - ; 800.000 ; - ; 740.000 ; 484.500 ; 293.050 ; - ; - ; - 
EB;;;;;;;;; 575.000 ;; 410.000 ;; 365.000 ; 210.000 ; 210.000 ; - ; - ; 210.000 ; 210.000 ; 935.000 ; - ; 550.000 ; - ; 380.000 ; 410.000 ; 410.000 ; 484.500 ; 410.000 ; 740.000 ; - ; - ; 541.500 ; 560.000 ; 760.000 ; 380.000 ; 550.000 ; 380.000 ; - ; 731.500 ; 828.163 ; - ; 826.950 ; - 
EC; 350.000 ;;;;;;;;;;;;;;;;;;;;;;;;;;;;;;;;;;;;;;;;;;
ED;;;;;;;;; 1.745.000 ; 935.000 ; 2.080.000 ; 2.775.000 ; 720.000 ; 2.025.000 ; 935.000 ; - ; 1.306.250 ; 845.500 ; 1.819.250 ; 1.330.000 ; 1.565.000 ; - ; 550.000 ; 1.686.250 ; 1.335.000 ; 825.000 ; 1.239.750 ; 959.500 ; 1.935.500 ; 593.750 ; - ; 484.500 ; 1.261.000 ; - ; 1.035.500 ; - ; 265.000 ; - ; - ; - ; 299.700 ; - ; - 
EF; 820.000 ; 1.520.000 ; 2.350.000 ; 1.120.000 ; 820.000 ; 1.480.000 ;; 1.600.000 ; 4.306.800 ; 1.815.000 ; 2.250.000 ; 4.355.000 ; 2.015.000 ; 1.980.000 ; 3.220.000 ; - ; - ; - ; 1.358.500 ; 1.960.000 ; - ; - ; 2.170.750 ; - ; 2.372.500 ; - ; 916.750 ; - ; 1.539.000 ; - ; - ; 410.000 ; - ; - ; 484.500 ; - ; 772.000 ; - ; - ; - ; - ; - ; - 
EG;;;;;;; 660.000 ; 890.000 ;; 490.000 ; 775.000 ; 870.000 ; 730.000 ; 680.000 ; 890.000 ; - ; - ; 340.000 ; 340.000 ; 500.000 ; - ; 500.000 ; 160.000 ; 825.000 ; - ; 360.000 ; 340.000 ; - ; 1.195.000 ; 340.000 ; - ; 455.000 ; 340.000 ; 340.000 ; 785.000 ; 500.000 ; 785.000 ; - ; 700.000 ; 346.330 ; 431.330 ; 346.330 ; 336.330 
EH;;;;;;; 1.175.000 ;;;;;;;;;;;;;;;;;;;;;;;;;;;;;;;;;;;;
EI;;;; 2.190.000 ; 1.395.000 ;; 1.600.000 ; 400.000 ; 1.200.000 ; 1.400.000 ; 600.000 ; 410.000 ; 1.400.000 ; 1.385.000 ; 2.600.000 ; - ; - ; 1.909.500 ; 2.270.500 ; 6.331.500 ; 1.390.000 ; 2.690.000 ; 950.000 ; - ; 2.000.000 ; 1.600.000 ; 1.710.000 ; - ; 2.295.000 ; 2.090.000 ; - ; 4.396.800 ; 3.040.000 ; 8.014.750 ; - ; 1.140.000 ; 2.660.000 ; 2.280.000 ; - ; - ; - ; - ; - 
EJ;;;;;;;; 410.000 ; 800.000 ; 1.210.000 ;; 600.000 ; 1.010.000 ; 1.010.000 ; - ; 570.000 ; 835.000 ; 161.500 ; 731.500 ; - ; 600.000 ; 400.000 ; 760.000 ; 420.000 ; 200.000 ; 400.000 ; - ; - ; - ; - ; - ; 285.000 ; - ; - ; - ; - ; - ; - ; - ; 200.000 ; - ; - ; - 
EK; 5.676.200 ;;; 6.509.950 ; 14.457.850 ; 656.000 ; 4.847.400 ;;; 5.319.450 ; 6.368.500 ; 4.460.500 ; 5.794.000 ; - ; 3.177.750 ; - ; - ; 3.625.250 ; - ; 7.382.150 ; - ; - ; 6.052.000 ; 94.000 ; - ; 1.781.750 ; - ; 3.334.250 ; 4.418.000 ; - ; - ; 3.159.338 ; - ; 3.938.966 ; - ; 6.005.650 ; - ; - ; - ; 6.696.283 ; - ; 3.661.048 ; - 
EL; 510.000 ;;; 760.000 ;;;;;;; 390.000 ;; - ; - ; - ; - ; - ; 390.000 ; - ; - ; - ; 195.000 ; 420.000 ; - ;;;;;;;;;;;;;;;;;;;
EM; 95.000 ; 95.000 ;;;;; 120.000 ;;;;;;;;;;;;;;;;;;;;;;;;;;;;;;;;;;;;
EN;;;;;;;;;; 9.272.728 ; 10.200.001 ;; 18.545.456 ; - ; - ; - ; - ; - ; - ; - ; - ; - ; - ; - ;;;;;;;;;;;;;;;;;;;
EO;;;;;;; 1.818.182 ;; 1.918.182 ; 2.422.728 ;; 2.968.182 ;;;;;;;;;;;;;;;;;;;;;;;;;;;;;;;
EP;;;;; 540.000 ; 1.080.000 ; 1.080.000 ;;;;;;;;;;;;;;;;;;;;;;;;;;;;;;;;;;;;
EQ;; 5.563.637 ; 1.854.546 ; 2.781.819 ; 4.636.364 ; 5.563.637 ;; 3.709.091 ; 3.709.091 ; 2.781.819 ; 4.636.364 ; 3.709.091 ; 4.636.364 ; 2.781.819 ; - ; - ; - ; 4.636.364 ; - ; 3.709.092 ; 5.563.637 ; - ; 4.636.364 ; 3.709.092 ; - ; - ; - ; - ; - ; - ; - ; - ; - ; - ; 4.636.365 ; 10.200.001 ; 3.709.091 ; - ; 5.563.638 ; 3.776.757 ; 3.060.000 ; 5.100.000 ; 7.140.000 
ER;;;;; 636.364 ;;;;;;;; - ; - ; - ; - ; - ; - ; - ; - ; - ; 2.693.182 ; - ; 4.727.273 ; 818.182 ; - ; 1.636.364 ; - ; 1.636.364 ; - ; - ; 1.309.091 ; - ; 1.636.364 ; 1.636.364 ; 1.145.455 ; 3.927.273 ; - ; - ; 5.732.433 ; 4.950.000 ; 1.980.000 ; 4.950.000 
ES;;;;;;;;;; 3.950.000 ;;;;;;;;;;;;;;;;;;;;;;;;;;;;;;;;;
ET; 4.568.637 ; 1.040.910 ;; 4.935.682 ; 1.172.728 ; 4.041.819 ; 6.560.455 ; 40.910 ; 40.910 ; 6.274.774 ; 9.545.455 ; 9.771.366 ; 155.455 ; 12.477.273 ; 4.917.273 ; 4.876.364 ; 185.682 ; 4.336.364 ; 6.986.819 ; 8.488.637 ; - ; 29.371.320 ; - ; 12.180.864 ; 10.862.046 ; 13.661.500 ; 13.851.637 ; 12.180.864 ; 12.735.091 ; 20.223.228 ; 12.468.091 ; 12.006.910 ; - ; 28.749.819 ; 12.201.092 ; 12.536.864 ; - ; 13.629.137 ; 12.751.273 ; - ; 13.457.803 ; 12.905.562 ; 13.545.471 
EU;;;;;;; 5.600.000 ; 1.320.000 ;;;;;;;;;;;;;;;;;;;;;;;;;;;;;;;;;;;
EV;;;;;;;;;;;; 425.000 ; - ; 510.000 ; - ; - ; - ; - ; 425.000 ; 425.000 ; - ; 850.000 ; - ; 425.000 ; 425.000 ; - ; 484.500 ; - ; - ; 484.500 ; - ; - ; - ; 510.000 ; - ; 510.000 ; 510.000 ; 510.000 ; 510.000 ; - ; 532.800 ; 532.800 ; 532.800 
EW;; 2.740.910 ;; 12.902.729 ;; 3.670.455 ; 3.376.819 ;;;; 4.636.365 ; 4.497.274 ; - ; 927.273 ; - ; - ; - ; - ; - ; - ; - ; - ; - ; - ;;;;;;;;;;;;; - ; - ; - ; 19.472.728 ; - ; - ; - 
EX;;;;;;;;;; 13.763.638 ; 7.690.910 ; 13.327.273 ; 12.800.001 ; 2.806.819 ; - ; - ; - ; - ; - ; - ; - ; - ; - ; - ; - ; - ; - ; - ; - ; - ; - ; - ; - ; - ; 647.728 ; 681.819 ; 186.364 ; 186.364 ; - ; - ; 655.500 ; - ; - 
EY;;;;;;;;;;; 79.200.000 ; 238.100.000 ; 23.700.000 ; - ; - ; - ; - ; - ; - ; - ;-15.000.000 ; - ; - ; 21.300.000 ;;;;;;;;;;;;;;;;;;;
EZ; 225.000.000 ;; 270.000.000 ; 405.000.000 ; 270.000.000 ; 225.247.500 ; 225.000.000 ; 225.000.000 ; 225.190.910 ;-225.000 ; 225.000.000 ; 450.000.000 ; - ; - ; 616.909.091 ; - ; - ; - ; - ; - ; - ; - ; - ; 154.200.144 ; - ; - ; - ; - ; - ; 54.818.328 ; 56.645.455 ; - ; 54.818.182 ; 42.272.728 ; - ; 100.613.638 ; 15.211.364 ; - ; - ; 7.864.941 ; - ; 26.617.481 ; 607.316 
F;;;;;;;;;;; 400.000 ;; 400.000 ; 400.000 ; - ; - ; - ; - ; 200.000 ; - ; - ; 410.000 ; 400.000 ; - ; - ; - ; - ; - ; - ; - ; 200.000 ; 200.000 ; - ; - ; - ; - ;;;;;;;
FA;;;;;;;;;; 9.272.728 ;; 2.781.819 ; 1.854.546 ; 9.272.728 ; - ; - ; - ; - ; - ; - ; - ; - ; - ; - ;;;;;;;;;;;;;;;;;;;
FB; 10.636.364 ;;;; 636.364 ;;;;;;;; - ; - ; - ; - ; - ; - ; - ; - ; - ; - ; - ; 1.545.455 ; - ; - ; - ; - ; - ; - ; - ; - ; - ; - ; - ; 4.036.364 ; 4.581.819 ; 7.309.092 ; 16.663.637 ; 37.323.426 ; 38.729.010 ; 31.485.406 ; 33.419.822 
FC;;;;;;;; 1.327.274 ; 3.431.819 ; 12.150.003 ; 2.540.910 ; 5.154.547 ; 4.613.638 ; 4.877.273 ; 4.268.182 ; - ; - ; - ; 2.372.728 ; 3.268.183 ; 3.422.728 ; 2.372.728 ; 3.718.183 ; 1.743.274 ; 1.777.273 ; 695.455 ; 2.159.092 ; 3.268.183 ; 4.663.637 ; 6.036.365 ; - ; - ; - ; - ; - ; - ;;;;;;;
FD;;; 35.831.821 ; 12.190.910 ; 37.736.366 ; 6.027.273 ; 11.881.819 ; 1.545.455 ; 1.545.455 ; 772.728 ; 4.727.274 ; 14.100.001 ; 15.254.547 ; - ; - ; - ; - ; - ; - ; - ; - ; - ; - ; - ;;;;;;;;;;;;;;;;;;;
FE;;;; 3.340.911 ; 1.559.091 ;;;;;;;;;;;;;;;;;;;;;;;;;;;;;;;;;;;;;;
FF; 5.100.000 ; 5.100.000 ;;; 6.120.000 ;;; 10.200.000 ;;;; 5.100.000 ; - ; - ; - ; - ; - ; - ; - ; - ; - ; - ; 1.445.000 ; - ; - ; - ; - ; 1.020.000 ; 2.040.000 ; - ; - ; - ; 1.020.000 ; - ; 1.190.000 ; 2.040.000 ; 2.295.000 ; - ; - ; 2.453.100 ; - ; 2.641.800 ; - 
FG;;;;;;;;;;;; 2.235.000 ; 5.660.000 ; - ; 1.190.000 ; - ; - ; - ; - ; - ; - ; - ; 245.455 ; 1.365.911 ; 243.183 ; - ; 90.910 ; - ; 302.273 ; 181.820 ; - ; - ; 118.182 ; 50.000 ; 127.273 ; 127.273 ; 90.910 ; - ; 822.728 ; - ; - ; 439.100 ; - 
FH;;;;;;;;;;;; 9.500.000 ;;;;;;;;;;;;; - ; - ; - ; - ; - ; 1.763.637 ; - ; - ; - ; 1.727.273 ; 1.727.273 ; - ; - ; - ; - ; - ; 2.126.048 ; - ; - 
FI;;;;;;;;;;;; 340.000 ;;;;;;;;;;;;;;;;;;;;;;;;;;;;;;;
FJ;;;;;;;; 495.000 ;; 1.290.000 ;;; - ; - ; - ; - ; - ; - ; - ; - ; - ; 1.085.000 ; - ; - ; - ; - ; 400.000 ; - ; - ; - ; 290.000 ; - ; 375.000 ; - ; - ; 400.000 ; - ; - ; 500.000 ; - ; - ; - ; - 
FK;;;;;;;;; 5.770.000 ; 150.000 ;;; 8.940.000 ; - ; - ; - ; 1.120.000 ; - ; - ; - ; 560.000 ; - ; - ; - ; - ; - ; - ; - ; - ; - ; - ; - ; - ; - ; 900.000 ; 1.580.000 ; 390.000 ; - ; - ; - ; - ; - ; - 
FL;;;; 755.000 ; 200.000 ; 60.000 ;;;; 95.000 ;;;;;;;;;;;;;;;;;;;;;;;;;;;;;;;;;
FM; 1.020.000 ;; 3.760.000 ;;; 1.040.000 ; 450.000 ;; 450.000 ; 2.575.000 ;; 2.175.000 ; 1.785.000 ; 880.000 ; - ; 1.275.000 ; - ; - ; 1.365.000 ; 1.295.000 ; 1.495.000 ; 765.000 ; 1.972.500 ; 674.500 ; 1.105.000 ; 1.235.000 ; 1.230.250 ; - ; 1.553.250 ; - ; 1.710.000 ; 1.676.750 ; 2.112.750 ; 2.560.250 ; - ; 1.095.000 ; 1.505.750 ; - ; 1.465.000 ; - ; - ; - ; - 
FN;;;; 575.000 ;;;;;;;;;;;;;;;;;;;;;;;;;;;;;;;;;;;;;;;
FO; 4.135.000 ; 4.070.000 ; 3.325.000 ; 6.195.000 ; 1.185.000 ; 1.515.000 ; 4.200.000 ; 2.875.000 ; 6.400.000 ; 7.160.000 ; 6.585.000 ; 5.080.000 ; 1.500.000 ; 2.365.000 ; 1.215.000 ; - ; - ; - ; - ; - ; - ; - ; - ; - ;;;;;;;;;;;;;;;;;;;
FP;; 805.000 ;; 350.000 ; 915.000 ; 405.000 ; 815.000 ;; 1.040.000 ; 920.000 ; 425.000 ; 1.265.000 ; - ; - ; 925.000 ; - ; - ; - ; - ; 240.000 ; 85.000 ; - ; 280.000 ; - ; 255.000 ; 280.000 ; 730.000 ; - ; - ; 280.000 ; - ; - ; 85.000 ; - ; - ; - ; - ; - ; - ; 205.000 ; - ; - ; - 
FQ; 210.000 ;;; 210.000 ;;; 210.000 ;;;;;; 210.000 ; 210.000 ; - ; - ; - ; - ; - ; - ; - ; - ; - ; - ;;;;;;;;;;;;;;;;;;;
FR;;;;;;; 1.570.000 ; 340.000 ;;; 140.000 ;;;;;;;;;;;;;;;;;;;;;;;;;;;;;;;;
FS;;;;;;;; 765.000 ; 1.930.000 ; 1.930.000 ;;; 989.400 ; 989.400 ; - ; - ; - ; 1.018.500 ; 989.400 ; 989.400 ;-989.400 ; - ; - ; - ;;;;;;;;;;;;;;;;;;;
FT;; 1.220.000 ; 603.000 ; 678.000 ; 1.443.000 ; 325.000 ; 520.000 ; 570.000 ; 910.000 ; 2.245.000 ; 265.000 ; 910.000 ; 1.225.000 ; 1.120.000 ; - ; - ; - ; 370.500 ; 720.000 ; 1.201.250 ; 975.000 ; - ; 1.080.000 ; - ; - ; - ; - ; - ; - ; 522.500 ; - ; - ; - ; - ; - ; - ;;;;;;;
FU;;;;; 505.000 ; 210.000 ;;;;;;;;;;;;;;;;;;;;;;;;;;;;;;;;;;;;;
FV; 3.185.000 ; 7.800.000 ; 5.000.000 ; 5.080.000 ; 4.460.000 ; 3.105.000 ; 3.590.000 ; 5.155.000 ;; 3.600.000 ;; 3.990.000 ; 1.200.000 ; 2.380.000 ; - ; 65.000 ; - ; - ; - ; - ; - ; - ; - ; 580.000 ; - ; 1.520.000 ; 1.838.250 ; - ; - ; - ; - ; - ; - ; - ; - ; - ;;;;;;;
FW;;;; 750.000 ; 750.000 ; 750.000 ; 1.500.000 ; 560.000 ; 1.500.000 ; 1.250.000 ; 3.000.000 ; 3.125.000 ; 2.375.000 ; 2.250.000 ; 2.500.000 ;-250.000 ; - ; 676.875 ; 2.425.000 ; 1.712.500 ; 2.750.000 ; 750.000 ; 2.612.500 ; 1.425.000 ; 3.000.000 ; 712.500 ; 950.000 ; 2.218.250 ; 2.774.000 ; 3.969.000 ; - ; 1.425.000 ; 2.503.250 ; 954.750 ; 954.750 ; 2.736.000 ; 2.200.000 ; 1.465.000 ; 1.645.000 ; - ; 172.050 ; 1.531.800 ; 1.842.600 
FX;;; 410.000 ;;;; 210.000 ; 410.000 ;;;; 180.000 ;;;;;;;;;;;;;;;;;;;;;;;;;;;;;;;
FY;; 180.000 ;; 180.000 ;; 380.000 ;;;;;;;;;;;;;;;;;;;;;;;;;;;;;;;;;;;;;
FZ; 300.000 ; 290.000 ; 725.000 ; 300.000 ; 890.000 ; 580.000 ; 455.000 ; 2.330.000 ; 590.000 ;; 300.000 ; 600.000 ; - ; 1.760.000 ; 580.000 ; - ; - ; - ; - ; - ; - ; - ; - ; - ; - ; - ; - ; - ; 145.000 ; 290.000 ; - ; - ; 460.000 ; - ; - ; - ; 2.987.750 ; 5.321.000 ; 2.772.000 ; - ; 1.012.320 ; 1.420.800 ; 266.400 
G;;;;;; 580.000 ;;; 435.000 ; 395.000 ;;; 535.000 ; - ; - ; - ; - ; - ; - ; - ; - ; - ; - ; - ;;;;;;;;;;;;;;;;;;;
GA;;;;;;;; 9.357.500 ; 10.564.000 ; 15.247.500 ; 7.362.500 ; 8.250.000 ;;;;;;;;;;;;;;;;;;;;;;;;;;;;;;;
GB;;;;;;; 1.330.000 ;;;;;;;;;;;;;;;;;;;;;;;;;;;;;;;;;;;;
GC;;;;;;;; 490.000 ;; 690.000 ; 1.020.000 ; 1.020.000 ; - ; - ; 680.000 ; - ; - ; - ; 1.054.500 ; 1.090.000 ; - ; 500.000 ; 465.000 ; 1.020.000 ; - ; - ; 945.250 ; - ; 430.000 ; - ; - ; 650.000 ; 485.000 ; 360.000 ; 1.111.500 ; - ; - ; 630.000 ; - ; 630.000 ; 899.100 ; - ; 832.500 
GD;; 350.000 ; 900.000 ; 655.000 ; 680.000 ;; 1.550.000 ;; 1.410.000 ; 465.000 ; 665.000 ;-70.000 ; 345.000 ; - ; - ; 385.000 ; - ; 165.000 ; - ; - ; - ; 1.180.000 ; - ; - ; - ; - ; - ; - ; - ; - ; 584.250 ; - ; - ; 355.000 ; - ; - ; 350.000 ; - ; - ; - ; - ; - ; - 
GE;;;;;;;;;; 485.000 ;; 180.000 ; 510.000 ; 180.000 ; 180.000 ; - ; - ; - ; 180.000 ; 180.000 ; - ; - ; - ; 180.000 ; - ; 350.000 ; - ; - ; - ; 180.000 ; - ; - ; - ; - ; - ; 180.000 ;;;;;;;
GF; 390.000 ; 255.000 ; 4.385.000 ; 9.650.000 ; 595.000 ;;; 340.000 ;;-170.000 ;; 340.000 ; 555.000 ; - ; 340.000 ; - ; - ; - ; - ; - ; - ; - ; - ; - ;;;;;;;;;;;;;;;;;;;
GG;;;;;;;; 205.000 ;; 170.000 ; 255.000 ; 340.000 ; 170.000 ; - ; 265.000 ; - ; 242.250 ; - ; - ; 265.000 ; - ; - ; - ; - ;;;;;;;;;;;;;;;;;;;
GH; 1.125.000 ; 410.000 ; 960.000 ; 650.000 ; 855.000 ; 690.000 ; 605.000 ; 1.055.000 ; 1.120.000 ;;; 1.460.000 ; 1.240.000 ; - ; 885.000 ; - ; - ; 333.000 ; - ; - ; 800.000 ; - ; - ; 783.750 ; 810.000 ; 160.000 ; 1.125.750 ; - ; 836.000 ; - ; - ; - ; 1.258.750 ; 1.287.250 ; 625.000 ; 1.500.000 ; 1.472.500 ; - ; - ; - ; - ; - ; - 
GI;;;;;;;;; 1.850.000 ; 4.540.000 ; 5.200.000 ;; 1.580.000 ; 1.695.000 ; - ; - ; - ; - ; - ; 550.000 ; 765.000 ; - ; 1.560.000 ; 680.000 ; - ; - ; - ; 1.030.000 ; 1.780.000 ; 570.000 ; - ; 570.000 ; - ; 760.000 ; 1.075.000 ; 1.245.000 ; 650.000 ; 960.000 ; - ; 1.370.150 ; - ; 777.400 ; 679.500 
GJ; 840.000 ;;;; 430.000 ;;;; 385.000 ; 420.000 ; 235.000 ;; - ; 180.000 ; - ; - ; - ; - ; - ; - ; - ; - ; - ; - ; - ; - ; - ; - ; - ; - ; - ; - ; 240.000 ; - ; - ; - ; 155.000 ; - ; - ; 172.050 ; - ; 165.400 ; 16.650 
GK; 1.020.000 ; 2.040.000 ;; 2.040.000 ; 2.040.000 ; 255.000 ; 1.785.000 ; 2.040.000 ;; 2.040.000 ;;; 2.040.000 ; - ; 2.040.000 ; - ; - ; - ; - ; 589.000 ; - ; - ; - ; - ;;;;;;;;;;;;;;;;;;;
GL;;;;;;;; 1.210.000 ; 820.000 ; 1.885.000 ; 3.185.000 ; 3.165.000 ;-30.000 ; 780.000 ; 655.000 ; 1.591.250 ; 570.000 ; 1.491.500 ; 570.000 ; 2.023.000 ; 2.422.500 ; 740.000 ; 1.285.250 ; 925.750 ; 1.565.000 ; 935.000 ; 1.961.750 ; 1.244.500 ; 1.648.250 ; 3.139.750 ; - ; 2.237.250 ; 985.000 ; 988.000 ; 812.250 ; 870.000 ; 1.596.000 ; - ; 812.250 ; 1.292.350 ; 738.530 ; 1.305.023 ; 785.603 
GM;;;;;;;;; 3.100.000 ;;;;;;;;;;;;;;;;;;;;;;;;;;;;;;;;;;
GN;; 3.060.000 ;;;;;;;;;;;;;;;;;;;;;;;;;;;;;;;;;;;;;;;;;
GO; 825.000 ; 645.000 ; 540.000 ; 180.000 ; 180.000 ;; 360.000 ;; 180.000 ;;; 510.000 ;;;;;;;;;;;;;;;;;;;;;;;;;;;;;;;
GP;;;;;;;;;; 3.305.000 ;;; 550.000 ; 775.000 ; 670.000 ; 617.500 ; - ; - ; 2.585.000 ; 1.735.000 ; 997.500 ; 1.010.000 ; 1.547.750 ; 1.897.500 ; 975.000 ; 980.000 ; - ; 1.047.250 ; 1.472.500 ; 2.854.750 ; - ; - ; 1.730.500 ; 1.225.500 ; 1.435.000 ; 1.065.000 ; 1.845.000 ; - ; 510.000 ; 570.000 ; 897.150 ; 825.850 ; 487.300 
GQ;;;;;;;; 595.000 ; 680.000 ; 350.000 ; 510.000 ; 785.000 ; 265.000 ; 945.000 ; - ; - ; - ; 251.750 ; 350.000 ; 1.600.000 ; 180.000 ; 645.000 ; 350.000 ; 805.000 ; 325.000 ; 1.065.000 ; 1.896.750 ; 1.284.500 ; 2.146.000 ; 978.500 ; - ; 350.000 ; 3.394.500 ; 2.565.000 ; - ; 510.000 ; 1.570.000 ; - ; - ; - ; 5.129.865 ; 527.250 ; 1.028.138 
GR; 475.000 ; 410.000 ;;;;;;;;;;; - ; - ; - ; - ; - ; - ; 3.215.000 ; 570.000 ; 740.000 ; 740.000 ; 910.000 ; - ; - ; 370.000 ; 370.000 ; 1.377.500 ; 570.000 ; 370.000 ; - ; - ; - ; - ; - ; 370.000 ;;;;;;;
GS;; 410.000 ; 410.000 ; 760.000 ; 410.000 ; 800.000 ; 600.000 ; 865.000 ; 1.285.000 ; 665.000 ; 1.085.000 ; 1.395.000 ; 1.035.000 ; 740.000 ; - ; - ; - ; 513.000 ; 513.000 ; - ; 295.000 ; 295.000 ; 265.000 ; - ; - ; - ; - ; - ; - ; - ; - ; - ; 285.000 ; - ; - ; - ;;;;;;;
GT;;;;;;;;;;; 1.490.000 ;; 7.810.000 ; 8.255.500 ; - ; - ; - ; - ; - ; - ; - ; - ; - ; - ;;;;;;;;;;;;;;;;;;;
GU;;;;;;;;; 870.000 ; 490.000 ; 405.000 ; 675.000 ; 675.000 ; - ; 870.000 ; - ; - ; - ; 490.000 ; - ; - ; - ; - ; - ;;;;;;;;;;;;;;;;;;;
GV;;;;;;; 850.000 ;;;;;;;;;;;;;;;;;;;;;;;;;;;;;;;;;;;;
GW;;;;;;;; 355.000 ; 155.000 ; 510.000 ;; 510.000 ; 510.000 ; - ; 265.000 ; - ; - ; - ; 484.500 ; - ; - ; 817.000 ; 1.100.250 ; 645.000 ; 1.505.000 ; 1.750.000 ; 240.000 ; 1.178.000 ; 400.000 ; 698.250 ; - ; 485.000 ; - ; 693.500 ; 777.750 ; 1.110.000 ;;;;;;;
GX;;;;;;; 2.770.000 ; 3.980.000 ; 1.020.000 ; 3.945.000 ; 2.770.000 ; 1.350.000 ;;;;;;;;;;;;; 375.000 ; - ; 598.500 ; 365.000 ; 1.116.250 ; 831.250 ; - ; - ; - ; - ; - ; - ;;;;;;;
GY;;;;;;;; 1.825.000 ;; 475.000 ; 525.000 ; 790.000 ; - ; 885.000 ; 510.000 ; - ; - ; - ; - ; - ; 355.000 ; - ; 300.000 ; - ; - ; 200.000 ; 265.000 ; 330.000 ; 500.000 ; - ; - ; - ; - ; 190.000 ; - ; - ; 895.000 ; - ; 840.000 ; - ; - ; - ; - 
GZ;; 210.000 ;;;; 210.000 ;;;; 200.000 ;; 410.000 ;;;;;;;;;;;;;;;;;;;;;;;;;;;;;;;
H; 7.763.000 ;;;;;;;;;;;;;;;;;;;;;;;;;;;;;;;;;;;;;;;;;;
HA;; 695.000 ;;;; 320.000 ; 230.000 ;; 230.000 ;; 620.000 ;; 430.000 ; 85.000 ; 180.000 ; - ; - ; 304.500 ; - ; - ; 180.000 ; - ; - ; - ; 405.000 ; 400.000 ; - ; 405.000 ; - ; 790.000 ; - ; 565.250 ; - ; 790.000 ; - ; - ;;;;;;;
HB;;;;;;;; 2.325.000 ;;;;;;;;;;;;;;;;;;;;;;;;;;;;;;;;;;;
HC;;;;;;;;;; 845.000 ; 2.643.500 ; 630.000 ; 6.358.400 ; - ; 1.381.000 ; 850.000 ; - ; - ; - ; 1.342.300 ; 954.250 ; 1.729.000 ; - ; 1.826.000 ; - ; 1.410.250 ; - ; - ; - ; - ; - ; - ; - ; - ; - ; - ;;;;;;;
HD;;; 1.760.000 ; 1.000.000 ; 3.000.000 ; 175.000 ;;;;;;;;;;;;;;;;;;;;;;;;;;;;;;;;;;;;;
HE;;;;;;;;; 2.655.000 ; 1.000.000 ;; 2.360.000 ; - ; 2.770.000 ; - ; - ; - ; - ; - ; - ; 2.360.000 ; - ; 885.000 ; - ; 2.180.000 ; - ; 2.071.000 ; 885.000 ; - ; 840.750 ; - ; - ; - ; 590.000 ; - ; - ; - ; - ; 3.420.000 ; 2.008.420 ; 601.620 ; - ; 458.440 
HF;; 360.000 ;;;;;;;;;;;;;;;;;;;;;;;;;;;;;;;;;;;;;;;;;
HG; 1.010.000 ; 410.000 ; 600.000 ; 600.000 ; 820.000 ; 600.000 ; 820.000 ; 410.000 ; 620.000 ; 410.000 ; - ; 615.000 ; 600.000 ; 1.010.000 ; 600.000 ; - ; - ; - ; - ; 600.000 ; - ; - ; - ; - ; - ; - ; - ; - ; - ; - ; - ; - ; - ; 133.000 ; - ; 95.000 ; - ; 1.480.000 ; 2.565.000 ; - ; 2.631.100 ; 938.350 ; - 
HI;;;;;;;;;;; 350.000 ; 730.000 ;;;;;;;;;;;;;;;;;;;;;;;;;;;;;;;
HJ1;;;; 15.643.000 ; 11.152.000 ; 13.935.000 ; 10.620.000 ; 6.300.000 ; 6.300.000 ; 9.420.000 ; 17.445.000 ; 6.570.000 ; - ; 27.120.000 ; 9.281.500 ; - ; - ; 10.555.000 ; 17.817.500 ; 15.546.750 ; 23.541.000 ; 7.291.250 ; 24.125.250 ; 11.662.000 ; 9.500.000 ; 9.281.500 ; 8.322.000 ; 21.588.750 ; 10.944.000 ; 9.713.750 ; 5.956.500 ; 8.991.750 ; 9.357.500 ; 2.826.250 ; - ; - ;;;;;;;
HJ2;;;;;;;;;;;;;;;;;;;;;;;;;;;;;;;;;; 3.860.000 ;;;;;;;;;
HJ3;;;;;;;;;;;;;;;;;;;;;;;;;;;;;;;;;;;;; 180.000 ; 6.599.000 ;;;;;
HK;; 2.165.000 ; 2.620.000 ;;;;;;;;;; - ; - ; - ; - ; - ; 418.000 ; - ; - ; - ; - ; - ; 395.000 ;;;;;;;;;;;;;;;;;;;
HL;;;;;;;;;;;; 2.645.000 ; 1.330.000 ; - ; - ; - ; - ; - ; - ; - ; - ; - ; - ; - ;;;;;;;;;;;;;;;;;;;
HM;;;;;;;;;;;;; 455.000 ;;;;;;;;;;;;;;;;;;;;;;;;;;;;;;
HN;;;;;;;;;;;;;;;;;;;;;;;;;;;;;;; 1.116.250 ;;;;;;;;;;;;
HO;;;;;;;;;;;;;;;;;;;;;;;; 600.000 ; 1.000.000 ; 600.000 ; 1.900.000 ; 950.000 ; 1.140.000 ; 1.140.000 ; - ; 760.000 ; 2.150.000 ; 2.090.000 ; 950.000 ; 2.200.000 ; 1.600.000 ; - ; 2.330.000 ; - ; - ; 599.400 ; - 
HP;;;;;;;;;;;;;;;;;;;;;;;;;;; 210.000 ;;;;;;;;;; 400.000 ; - ; - ; - ; - ; - ; - 
HQ;;;;;;;;;;;;;; 2.884.500 ; 1.260.000 ; 409.500 ; 756.000 ; 3.419.000 ; 3.015.000 ; 3.861.000 ; 6.505.500 ; 1.714.500 ; 2.421.000 ; 4.131.000 ; - ; 1.190.000 ; - ; 2.241.000 ; 5.130.000 ; - ; 1.323.000 ; 8.802.000 ; - ; 1.620.000 ; - ; 8.905.600 ; - ; 3.051.000 ; 21.838.500 ; 29.303.730 ; 5.665.410 ; 4.075.920 ; 10.678.230 
HR;;;;;;;;;;;;;;;;;;;;; 100.000 ;;;;;;;;;;;;;;;;;;;;;;
HS;;;;;;;;;;;;;;;;;; 955.000 ;;;;;;;;;;;;;;;;;;;;;;;;;
HT;;;;;;;;;;;;;;;;;;;;;;;;;;;;;;;;;;;; 700.000 ; - ; 1.078.000 ; - ; 997.935 ; - ; - ; - 
HU;;;;;;;;;;;;;;;;;;;;;; 380.000 ; 350.000 ;; 180.000 ; 265.000 ; 180.000 ; 265.000 ; 350.000 ; - ; - ; - ; - ; - ; - ; - ;;;;;;;
HV;;;;;;;;;;;;; 415.000 ;;;;;;;;;;;;;;;;;;;;;;;;;;;;;;
HW;;;;;;;;;;;;;;;;;;;;;;;;;;;;;;;;;;;;;;; 810.000 ; 2.636.250 ; 2.060.070 ;;
HX;;;;;;;;;;;;;;;;;;;;;;;;;;;;;;;;;;-200.000 ;;;;;;;;;
HY;;;;;;;;;;;;;;;;;;;;;;;;;;;;;;;;;;;;;;;; 100.000 ;;;
HZ;;;;;;;;;;;;;;;;;; 1.020.000 ; 650.000 ; 726.750 ; 1.292.000 ; 1.453.500 ; 100.000 ; 1.211.250 ;;;;;;;;;;;;;;;;;;;
I;;;;;;; 625.000 ;;; 510.000 ;;;;;;;;;;;;;;;;;;;;;;;;;;;;;;;;;
IA;;;;;;;;;;;;;; 520.000 ; 680.000 ;;;;;;;;;;;;;;;;;;;;;;;;;;;;
IB;;;;;;;;;;;;;;;;;;;;;;;; 1.237.250 ; - ; - ; - ; - ; - ; - ; - ; - ; - ; 255.000 ; - ; - ;;;;;;;
IC;;;;;;;;;;;;;;;;;;;;;;;;;;;;;;;;;;;;;;; 2.634.350 ;;;;
ID;;;;;;;;;;;;;;;;;;;; 1.035.000 ; 835.000 ; 955.250 ; 1.919.000 ; 340.000 ; - ; - ; 1.292.000 ; - ; 255.000 ; 535.000 ; 950.000 ; - ; - ; 340.000 ; - ; 555.000 ;;;;;;;
IE;;;;;;;;;;;;;; 585.000 ;;;;;; 185.000 ;;;;;;;;;;;;;;;;;;;;;;;
IF;;;;;;;;;;;;;;;;;; 1.463.000 ;;;;; 710.000 ;; - ; 669.750 ; - ; 536.750 ; - ; - ; - ; - ; - ; 1.714.750 ; - ; 1.720.000 ; - ; - ; 629.000 ; - ; 4.026.525 ; 1.012.320 ; - 
IG;;;;;;;;;;;;;;;;;;;;;;;;;; 370.000 ;;;;;;;;;;;;;;;;;
IH;;;;;;;;;;;;;;;;;;;;;;;;; 2.725.000 ; 1.725.000 ; 1.467.750 ; 675.000 ;; 4.351.000 ; 807.500 ;;;;;;;;;;;;
II;;;;;;;;;;;;;;;;;;;;;;;;;;;;;;;;;;;;;; 11.890.910 ;;;;;
IJ1;;;;;;;;;;;;;;;;;;;;;;;;;;;;;;;;;;;;;; 25.592.728 ; 33.752.730 ; 17.061.406 ;; 18.378.481 ;
IJ2;;;;;;;;;;;;;;;;;;;;;;;;; 29.858.182 ; 42.654.548 ; 68.247.275 ; 10.237.091 ; 63.981.821 ; 104.077.092 ; 59.716.365 ; 29.858.183 ; 93.840.005 ; 80.814.549 ; 110.672.731 ; 102.218.185 ; - ; 110.901.820 ; 135.010.911 ; 9.312.684 ; 58.932.938 ; 7.657.700 ; 65.856.220 
IJ3;;;;;;;;;;; 9.500.000 ; 13.500.000 ; 87.995.000 ; - ; 48.450.000 ; 5.630.400 ; 9.384.000 ; 28.152.000 ; 66.626.400 ; - ; 32.844.000 ; 28.152.000 ; 46.920.000 ; 44.268.000 ; 18.768.000 ; - ; - ; - ; - ; - ; - ; - ; - ; - ; - ; - ;;;;;;;
IK;;;;;;;;;;;;;;;;;;;;;;;;;;;;;;;;;;;;;;;;;;; 11.891.892 
IL;;;;;;;;;;;;;; 13.854.546 ;;;;;;;; 1.690.910 ;; 1.977.273 ; - ; - ; 3.872.728 ; - ; - ; - ; - ; - ; 2.072.728 ; - ; 7.281.819 ; 12.118.182 ; 12.490.910 ; - ; 12.242.501 ; - ; 5.100.000 ; 12.190.000 ; - 
IM;;;;;;;;;;;;; 6.465.000 ; 180.000 ;;;;; 622.250 ;;;;;;;;;;;;;;;;;;;;;;;;
IN;;;;;;;;;;;;;;;;;;;;;;;;;;;;;;;;;;;;;;; 1.309.090 ; 7.695.451 ; 815.000 ; 1.865.000 ; 3.790.000 
IO;;;;;;;;;;;;;;;;;;;;;;;;;;;;;;; 1.487.274 ; 4.875.001 ; 4.772.728 ; 4.017.047 ; 3.395.455 ; 10.731.820 ; 3.545.455 ; 3.677.274 ; 2.836.364 ; 2.918.919 ; 4.081.082 ; 2.899.460 ; 10.521.622 
IQ;;;;;;;;;;;;;;; 6.490.910 ;; 2.781.819 ; 5.563.637 ;; 2.781.819 ; 1.854.546 ; 2.781.819 ;; 9.272.728 ; - ; 1.854.546 ; 1.854.546 ; 1.854.546 ; - ; 1.854.546 ; - ; 2.587.091 ; - ; - ; 1.854.546 ; - ; 1.854.546 ; - ; - ; - ; - ; 2.040.000 ; - 
IR;;;;;;;;;;;;;;;;;;;;;;;;;;;;;;;;;;;;; 885.000 ;; 105.000 ;;; 31.267.590 ;
IS;;;;;;;;;;;;;;;;;;;;;;;;;;;;;;;;;;;;;;;; 7.252.253 ; 13.249.262 ; 22.765.023 ; 2.269.000 
IT;;;;;;;;;;;;;;; 925.000 ;;;;;;;;;;;;;;;;;;;;;;;;;;;;
IU;;;;;;;;;;;;;;;;;;;;;;;;;;;;;;;; 490.000 ;;; 870.000 ;;;;;;;;
IV;;;;;;;;;;;;;;;;;;;;;;;; 2.850.000 ; - ; 3.000.000 ; - ; - ; - ; - ; - ; - ; - ; - ; - ; - ;;;;;;;
IW;;;;;;;;;;;;;;;;;;;;;;;;;;;;;;;;;;;;;; 5.357.137 ; 9.823.864 ; 2.285.136 ; 1.910.014 ; 8.445.887 ;
IX;;;;;;;;;;;;;;;;;;;;;;;;;;; 85.000 ;;;; 180.000 ;;;;;; - ; - ; - ; 187.600 ; - ; - ; - 
IY;;;;;;;;;;;;;;;;;;;;; 210.000 ;;;;;;;;;;;;;;;;;;;;;;
IZ;;;;;;;;;;;;;;;;;;;;;;;;; 560.000 ;;;;;;;;;;;;;;;;;;
J;;;;; 6.347.680 ;;;; 395.000 ; 1.720.000 ; 280.000 ; 990.000 ;;;;;;;;;;;;;;;;;;;;;;;;;;;;;;;
JA;;;;;;;;;;;;;;;;;;;;;;;;;;;;;;;;;;;;;;; 180.000 ;;;;
JB;;;;;;;;;;;;;;;;;;; 200.000 ;;;;;;;;;;;;;;;;;;;;;;;;
JC;;;;;;;;;;;;;; 95.000 ; 85.000 ;;;;;;;;;;;;;;;;;;;;;;;;;;;;
JD;;;;;;;;;;;;;;;;;;;;;;;;;;;;;;;;;;; 170.000 ;; - ; - ; 95.000 ; - ; - ; - ; 94.350 
JE;;;;;;;;;;;;;;;; 255.000 ;;;;;;;;;;;;;;;;;;;;;;;;;;;
JF;;;;;;;;;;;;; 935.000 ; 1.320.000 ; 2.540.000 ; 299.250 ;; 795.000 ; 1.185.000 ; 1.375.000 ; 585.000 ; 2.429.000 ; 2.480.000 ; 2.490.250 ; 1.955.000 ; 1.960.000 ; 2.370.250 ; 1.441.750 ; 1.092.250 ; 290.000 ; - ; 400.000 ; 1.080.000 ; 540.000 ; 775.000 ; 2.485.000 ; 850.000 ; 1.105.000 ; 935.000 ; 350.000 ; 281.950 ; 1.569.550 ; 404.050 
JG;;;;;;;;;;;;;;;;;;;;;;; 783.750 ;; - ; 410.000 ; - ; - ; - ; 570.000 ; - ; - ; - ; 950.000 ; - ; - ; 980.000 ; - ; 600.000 ; - ; 729.648 ; - ; - 
JH;;;;;;;;;;;;;;;;;;;;;;; 210.000 ;; - ; 210.000 ; 210.000 ; - ; - ; 210.000 ; - ; - ; - ; 975.000 ; 165.000 ; - ; 730.000 ; - ; 565.000 ; - ; 398.700 ; 411.820 ; 498.400 
JI1;;;;;;;;;;;;;;;;;;;;;;;;;;;; 2.990.000 ; 7.058.500 ; 5.130.000 ;; 15.014.750 ; 30.495.000 ; 9.704.250 ;;; 10.495.000 ; 3.910.000 ; 15.975.000 ; - ; - ; - ; - 
JI2;;;;;;;;;;;;;;;;;;;;;;;;;;;;;;;;;;;;;;;;;; 13.344.433 ; 4.320.000 
JJ;;;;;;;;;;;;;; 555.000 ;;;;;;;;;;;;;;;;;;;;;;;;;;;;;
JK;;;;;;;;;;;;;; 190.000 ;;;; 590.000 ;; 285.000 ;; 180.000 ; 655.000 ;; 300.000 ; - ; 170.000 ; 85.000 ; - ; - ; 180.000 ; - ; - ; 540.000 ; 180.000 ; - ; 180.000 ; 270.000 ; 180.000 ; 187.600 ; 555.100 ; - ; - 
JL;;;;;;;;;;;;;;;;;;;;;;;; 410.000 ;;;;;;;;;;;;;;;;;;;
JM;;;;;;;;;;;;;;;;;;;;; 350.000 ;;;; - ; - ; - ; - ; - ; - ; - ; - ; - ; - ; 435.000 ; - ; 1.020.000 ; - ; - ; - ; - ; - ; - 
JN;;;;;;;;;;;;; 740.000 ; 740.000 ;;;; 1.073.000 ;; 1.270.000 ; 1.850.000 ; 484.500 ; 1.705.250 ; 1.445.000 ; 910.000 ; - ; 1.919.000 ; 1.665.000 ; 1.580.000 ; 2.439.250 ; - ; 1.492.250 ; 877.250 ; 622.250 ; 910.000 ; 541.500 ;;;;;;;
JO;;;;;;;;;;;;;;;;;;;; 622.250 ;;;;;;;;;;;;;;;;;;;;;;;
JP;;;;;;;;;;;;;;;;;;;;;;; 340.000 ; 255.000 ; 255.000 ; 170.000 ; - ; 170.000 ; - ; - ; - ; - ; - ; - ; - ; - ;;;;;;;
JQ;;;;;;;;;;;;;;;;;;;;;;;;;;;;;;; 658.000 ;;;;;;;;;;;;
JR;;;;;;;;;;;;;;;;;;;; 665.000 ;;; 810.000 ;; - ; - ; 622.250 ; 1.282.500 ; 180.000 ; 295.000 ; - ; - ; 280.000 ; 180.000 ; - ; 315.000 ; - ; - ; - ; - ; 832.500 ; 326.350 ; - 
JS;;;;;;;;;;;;;;;;;;;;; 700.000 ; 969.000 ; 595.000 ;; - ; - ; - ; - ; - ; 435.000 ; - ; 255.000 ; - ; - ; - ; - ;;;;;;;
JT;;;;;;;;;;;;;;;;;;; 210.000 ;; 200.000 ;;;; - ; 255.000 ; - ; - ; 425.000 ; - ; 180.000 ; 180.000 ; 860.000 ; - ; 180.000 ; 255.000 ; - ; 180.000 ; - ; 293.050 ; - ; - ; - 
JU;;;;;;;;;;;;;;;;;;;;;;;;;;;;;;;;;;;;; 1.422.000 ;;; 778.010 ; 558.570 ; 659.633 ; 2.433.845 
JV;;;;;;;;;;;;;;;;;;;;;; 1.360.000 ; - ; 636.500 ; 670.000 ; - ; - ; - ; - ; - ; - ; - ; - ; - ; - ; - ;;;;;;;
JW;;;;;;;;;;;;;;;;;;;; 484.500 ; 255.000 ; 85.000 ; 85.000 ;; 340.000 ; 680.000 ; 650.250 ; 1.674.500 ; 765.000 ; 765.000 ; - ; - ; 1.075.250 ; 1.330.250 ; 831.250 ; - ;;;;;;;
JX;;;;;;;;;;;;;;; 1.920.000 ;; 1.173.250 ; 1.059.250 ; 494.000 ; 980.000 ;;;;;;;;;;;;;;;;;;;;;;;
JY;;;;;;;;;;;;;; 800.000 ;;;; 210.000 ; 410.000 ; 674.500 ; 265.000 ; 570.000 ;;;;;;;;;;;;;;;;;;;;;
JZ;;;;;;;;;;;;;;;;;;;;;; 200.000 ;;;;;;;;;;;;;;;;;;;;;
K; 585.000 ;;; 570.000 ;;; 405.000 ; 350.000 ;; 400.000 ;;;;;;;;;;;;;;;;;;;;;;;;;;;;;;;;;
KA;;;;;;;;;;;;;;;;;;;;;;;;;;;;;;;;;;;;;;; 1.480.000 ; 410.000 ; 188.700 ; 699.300 ; 482.850 
KB;;;;;;;;;;;;;;;;;;; 110.000 ;;;;;;;;;;;;;;;;;;;;;;;;
KC;;;;;;;;;;;;;;;;;;;;;;;;;;;;;;;;;;;; 342.500 ;;;;;;;
KD;;;;;;;;;;;;;;;;;;;;;;;; 400.000 ; 410.000 ; - ; 1.160.000 ; 3.020.000 ; 4.104.500 ; 3.249.000 ; 1.330.000 ; 2.275.250 ; 2.194.500 ; - ; - ; - ;;;;;;;
KE;;;;;;;;;;;;;;;;;;;;;;;;;;;;;;; 6.009.091 ; 1.845.454 ; 491.736 ;;;;;;;;;;
KF;;;;;;;;;;;;;;;;;;;;;;;;;;;;;;;;;;; 636.500 ; 365.000 ; 726.750 ; - ; 365.000 ; - ; - ; - ; - 
KG;;;;;;;;;;;;;;;;;;;;;;;;;;;;;;;;; 1.195.000 ;;;; - ; - ; - ; 285.000 ; - ; - ; - 
KH;;;;;;;;;;;;;;;;;;;;;;;;;;;;;;;;;;;;;;;;;;; 10.073.251 
KI;;;;;;;;;;;;;;;;;;;;;;;; 575.000 ;;;;;;;;;;;;;;;;;;;
KJ;;;;;;;;;;;;;;;;;;;;;;;;;;;;;;;;; 2.730.000 ;; 3.434.500 ; 2.820.000 ; 1.000.000 ; 2.200.000 ; 5.730.000 ; - ; - ; 2.420.078 ; 3.488.508 
KK;;;;;;;;;;;;;;;;;;;;;;;;;;;; 2.525.000 ; 1.048.000 ; 2.480.000 ;;; 1.622.000 ; 888.250 ; 489.250 ;;;;;;;;
KL;;;;;;;;;;;;;;;;;;;;;;;;;;;;;;;;;;;;; 600.000 ;; 600.000 ;; 600.000 ;;
KM;;;;;;;;;;;;;;;;;;;;;;;;;;;;;;;;;; 912.000 ;;; 600.000 ; - ; 265.000 ; 846.400 ; - ; 276.400 ; - 
KN;;;;;;;;;;;;;;;;;;;;;;;;;;;;;;;; 1.539.000 ; 475.000 ;;;; 870.000 ; - ; - ; - ; - ; 532.800 ; - 
KO;;;;;;;;;;;;;;;;;;; 600.000 ;;;; 1.002.250 ;;;;;;;;;;;;;;;;;;;;
KP;;;;;;;;;;;;;;;;;;;;;;;; 1.985.500 ; 2.935.000 ; - ; 2.308.500 ; 798.000 ; 2.508.000 ; 2.137.500 ; - ; - ; 1.190.000 ; 3.517.000 ; 3.344.000 ; 5.598.600 ; - ; 2.261.000 ; 1.767.000 ; 2.969.900 ; 4.920.360 ; 1.896.390 ; 5.609.940 
KQ;;;;;;;;;;;;;;;;;;;; 1.400.000 ;;;;;;;;;;;;;;;;;;;;;;;
KR;;;;;;;;;;;;;;;;;;;;;;;;;;;;;;; 285.000 ;;;;;;;;;;;;
KS;;;;;;;;;;;;;;;;;;; 895.000 ;;;;;;;;;;;;;;;;;;;;;;;;
KT;;;;;;;;;;;;;;;;;;;;;;;;;;;;;; 541.500 ; 650.250 ;; 510.000 ;; 200.000 ; 200.000 ;;;;;;;
KU;;;;;;;;;;;;; 1.005.000 ; 170.000 ;;;;;;;;;;; - ; - ; - ; - ; - ; - ; - ; 1.005.000 ; 195.000 ; - ; - ; - ;;;;;;;
KV;;;;;;;;;;;;;;;;;; 1.385.000 ; 400.000 ;;;;;;;;;;;;;;;;;;;;;;;;
KW;;;;;;;;;;;;;;;;;;;;; 285.000 ;;;; - ; - ; 703.000 ; - ; - ; - ; - ; - ; - ; - ; - ; - ;;;;;;;
KX;;;;;;;;;;;;;;;;;;;;;;;;; 1.190.000 ; 170.000 ;;;;;;;;;;;;;;;;;
KY;;;;;;;;;;;;;;;;;;;; 7.185.000 ; 4.847.000 ; 4.440.000 ;;; 5.190.000 ; - ; 555.750 ; - ; 1.933.250 ; 2.641.000 ; 73.136 ; - ; 4.409.800 ; - ; 2.470.000 ; 3.385.000 ; 214.400 ; 1.737.100 ; 2.929.800 ; 2.099.700 ; - ; 1.798.200 ; 3.383.800 
KZ;;;;;;;;;;;;;;;;;;;;;;; 1.000.000 ; 2.680.000 ; - ; - ; 655.000 ; 669.750 ; 2.612.500 ; 717.250 ; - ; 1.130.000 ; 731.500 ; 2.792.500 ; 1.040.750 ; 2.881.750 ; 1.406.000 ; 2.693.250 ; 1.725.750 ; 4.621.750 ; 1.814.165 ; 3.267.475 ; 4.228.268 
L;; 265.000 ;;;;;; 265.000 ;;; 180.000 ;;;;;;;;;;;;;; - ; - ; - ; - ; - ; - ; - ; - ; - ; 210.000 ; 390.000 ; 210.000 ; 465.000 ; - ; 200.000 ; - ; - ; - ; - 
LA;;;;;;;;;;;;;;; 170.000 ;;;;;;;;;;;;;;;;;;;;;;;;;;;;
LB;;;;;;;;;;;;;;;;;;;;;;;;;; 510.000 ; 2.170.750 ; 6.121.500 ; 2.422.500 ; 3.481.750 ; 969.000 ; 5.179.500 ; 4.350.500 ; 5.595.000 ; 2.194.500 ; 3.955.000 ; 6.615.250 ; 6.206.500 ; 12.355.500 ; 4.571.258 ; 9.058.155 ; 4.504.935 ; 3.902.483 
LC;;;;;;;;;;;;;;;;;;;;; 3.084.750 ; 760.000 ;; 1.200.000 ;;;;;;;;;;;;; - ; - ; 200.000 ; - ; - ; - ; - 
LD;;;;;;;;;;;;;;;;;;;;;;;;;;;;;;;; 486.650 ;; 350.000 ; 350.000 ; 510.000 ; - ; 515.000 ; - ; - ; - ; - ; - 
LE;;;;;;;;;;;;;;;;;;;;;;;;;;;;;; 200.000 ;; 170.000 ;;;;;;;;;;;
LF;;;;;;;;;;;;;;;;;;; 420.000 ; 410.000 ;; 541.500 ;;; - ; - ; 541.500 ; - ; 570.000 ; 685.000 ; - ; 900.550 ; - ; 1.273.000 ; 1.280.000 ; - ; 1.453.500 ; - ; 1.163.750 ; - ; - ; - ; - 
LG;;;;;;;;;;;;;;;;;;;;;;;;; 3.000.000 ;;;;;;;;;;;;;;;;;;
LH;;;;;;;;;;;;;;;;;;;;;;;;;;;; 210.000 ;;;;;;;;;;;;;;;
LI;;;;;;;;;;;;;;;;;; 1.675.250 ; 285.000 ;;;;;;;;;;;;;;;;;;;;;;;;
LJ;;;;;;;;;;;;;;;;;; 340.000 ;;;; 508.250 ;;;;;;;;;;;;;;;;;;;;;
LK;;;;;;;;;;;;;;;;;;;;;;; 145.000 ;;;;;;;;;;;;;;;;;;;;
LM;;;;;;;;;;;;;;;;;;;;;;;; 530.000 ; 975.000 ; 530.000 ; 2.150.000 ; - ; 330.000 ; - ; - ; 603.250 ; - ; - ; - ; - ;;;;;;;
LN;;;;;;;;;;;;;;;;;;;;;;;;;;;;;;;;;;;;; 1.828.750 ;;;;;;
LO;;;;;;;;;;;;;;;;;; 5.295.000 ; 2.792.500 ; 1.480.000 ;; 1.730.000 ; 1.007.000 ; 1.838.250 ; - ; 1.480.000 ; 1.396.500 ; - ; 1.928.500 ; 1.672.000 ; - ; - ; 997.500 ; 855.000 ; 500.000 ; - ; 1.083.000 ; - ; - ; - ; - ; - ; - 
LP;;;;;;;;;;;;;;;;;;;;;;;;;;;;;;;;;; 680.000 ;; 2.940.000 ;-580.000 ; - ; - ; 1.221.200 ; 671.550 ; - ; 743.700 
LQ;;;;;;;;;;;;;;;;;;;;;;; 1.463.000 ;; - ; 1.340.000 ; - ; - ; - ; - ; - ; - ; 2.730.000 ; - ; 1.845.000 ; - ; 2.505.000 ; - ; - ; 566.100 ; - ; 1.447.450 ; 1.714.950 
LR;;;;;;;;;;;;; 480.000 ;; 600.000 ;;;;;; 800.000 ;;;; 800.000 ; - ; - ; - ; - ; - ; - ; 210.000 ; 410.000 ; - ; - ; - ; 210.000 ; - ; 410.000 ; - ; - ; 309.700 ; - 
LS;;;;;;;;;;;;;;;;;;;;; 440.000 ;; 370.000 ; 255.000 ; 255.000 ; 485.000 ; - ; - ; - ; 195.000 ; - ; - ; - ; 517.750 ; - ; - ;;;;;;;
LT;;;;;;;;;;;;;;;;;;;;;; 14.278.750 ; 653.975 ;;;;;;;;;;;;;;;;;;;;
LU;;;;;;;;;;;;;;;;;;;;;;;;;;;;;;;;;; 210.000 ;;;;;;;;;
LV;;;;;;;;;;;;;;;;;;;;;;;;;;;;;;; 180.000 ;; 2.125.000 ; 565.250 ; 565.250 ; 850.000 ; 850.000 ; 510.000 ; - ; 1.544.150 ; 985.958 ; - ; 566.100 
LW;;;;;;;;;;;;;;;;;;;;;;;;;;;;;;;;;;;;; 85.000 ;;;;;;
LX;;;;;;;;;;;;;;;;;;;; 370.000 ;;;;; - ; - ; - ; - ; - ; - ; - ; 1.370.000 ; - ; - ; - ; 1.800.000 ; - ; 770.000 ; - ; - ; - ; - ; - 
LY;;;;;;;;;;;;;;; 340.000 ;-170.000 ; 161.500 ; 161.500 ;;; 969.000 ;;;; - ; - ; - ; - ; - ; - ; - ; - ; 180.000 ; - ; - ; - ;;;;;;;
LZ;;;;;;;;;;;;;;;;;;;;;;;;;; 1.200.000 ; 3.800.000 ; 4.180.000 ; 7.630.000 ; 11.140.000 ;; 5.270.000 ; 12.540.000 ; 6.510.000 ;;; - ; - ; 6.122.750 ; 9.212.901 ; 1.742.457 ; 14.646.003 ; 5.522.472 
M;;;;;;;;;;; 765.000 ;;;;;;;;;;;;;;;;;;;;;;;;;;;;;;;;
MA;;;;;;;;;;;;;;;;;;;;;; 1.516.750 ; 726.750 ;;;;;;;;;;;;;;;;;;;;
MB;;;;;;;;;;;;;;;;;;;;;;;;;;;;;;;; 950.000 ; 1.726.000 ; 1.600.250 ; 485.000 ;; - ; 365.000 ; 400.000 ; 1.000.000 ; 299.700 ; 299.700 ; 917.970 
MC;;;;;;;;;;;;;;;;;;;; 5.070.001 ; 2.250.001 ; 4.140.000 ;; 2.250.000 ; 2.700.000 ; 2.700.000 ; - ; 2.700.000 ; - ; - ; - ; 5.400.000 ; - ; 3.240.000 ; 100.000 ; 3.078.000 ; 3.240.000 ; - ; - ; - ; - ; - ; - 
MD;;;;;;;;;;;;;;;;;;;; 2.535.001 ; 1.800.000 ; 2.250.000 ; 2.520.000 ; 2.520.000 ; 2.520.000 ; 2.520.000 ; 2.700.000 ; - ; - ; - ; - ; - ; - ; - ; - ; - ;;;;;;;
N;; 1.235.000 ;;; 340.000 ; 130.000 ; 95.000 ; 170.000 ; 180.000 ; 100.000 ; 95.000 ;; 2.320.000 ; - ; - ; - ; - ; - ; - ; - ; - ; - ; - ; - ;;;;;;;;;;;;;;;;;;;
O;; 3.200.000 ;; 1.000.000 ;; 1.200.000 ; 2.485.000 ; 6.685.000 ; 2.295.000 ; 1.110.000 ; 2.677.500 ; 3.150.000 ; 1.985.000 ; - ; - ; - ; - ; - ; - ; - ; - ; - ; - ; - ;;;;;;;;;;;;;;;;;;;
P;;;;;;;;; 1.335.000 ;; 1.020.000 ; 1.310.000 ; 800.000 ; 200.000 ; 400.000 ; - ; 400.000 ; 1.400.000 ; - ; 200.000 ; - ; 400.000 ; 1.000.000 ; - ; 400.000 ; - ; - ; - ; - ; - ; - ; 166.000 ; - ; - ; - ; - ;;;;;;;
Q;;;;;;;;;; 8.505.000 ;;; - ; 1.000.000 ; - ; - ; - ; - ; - ; 1.600.000 ; - ; - ; 2.660.000 ; - ; - ; - ; 1.900.000 ; - ; - ; - ; - ; - ; 950.000 ; - ; - ; 950.000 ; - ; 1.194.000 ; - ; - ; - ; - ; - 
R;;;;;;;;; 2.040.000 ; 1.020.000 ;;; - ; - ; 11.628.000 ; - ; - ; - ; - ; - ; - ; - ; - ; - ; - ; - ; 28.000.000 ; - ; - ; - ; - ; - ; - ; - ;-21.000.000 ; - ;-7.000.000 ; - ; - ; - ; - ; - ; - 
S;;;;; 1.615.000 ;;;;;;;;;;;;;;;;;;;;;;;;;;;;;;;;;;;;;;
T;;;; 595.000 ;;;;;;;;; - ; 120.000 ; - ; - ; - ; - ; - ; - ; - ; - ; - ; - ;;;;;;;;;;;;;;;;;;;
U;;;;;;;; 37.451.000 ; 975.000 ;;; 1.210.000 ;;;;;;;;;;;;;;;;;;;;;;;;;;;;;;;
V;;;;; 1.020.000 ;;;;;;;;;;;;;;;;;;;;;;;;;;;;;;;;;;;;;;
W;;;;;;;;; 755.000 ; 410.000 ;;;;;;;;;;;;;;;;;;;;;;;;;;;;;;;;;
X; 4.005.000 ; 2.355.000 ; 1.660.000 ; 2.360.000 ; 2.390.000 ; 3.170.000 ; 1.605.000 ; 795.000 ; 765.000 ; 775.000 ; 11.180.000 ; 510.000 ; 1.190.000 ; 1.275.000 ; - ; - ; - ; - ; 1.560.000 ; 1.100.000 ; - ; 875.000 ; 675.000 ; 1.360.000 ; 1.450.000 ; 1.570.000 ; 2.405.000 ; 10.500.000 ; 2.005.000 ; 1.870.000 ; - ; 1.640.000 ; 1.270.000 ; 2.040.000 ; 1.895.000 ; 1.165.000 ; 1.780.000 ; 1.185.000 ; 2.955.000 ; 705.000 ; 2.040.402 ; 1.627.270 ; 1.610.610 
Y;; 1.100.000 ;;;;; 1.100.000 ;; 750.000 ;;;; - ; 185.000 ; 410.000 ; - ; 342.000 ; - ; 525.000 ; - ; 800.000 ; - ; 360.000 ; - ; - ; - ; - ; 360.000 ; - ; 878.750 ; - ; - ; 185.000 ; 360.000 ; - ; 410.000 ; - ; 525.000 ; - ; - ; - ; - ; - 
Z; 600.000 ;;; 600.000 ;;; 600.000 ; - ; 600.000 ;; 600.000 ;; 600.000 ; - ; 600.000 ; - ; 570.000 ; - ; - ; 410.000 ; - ; 200.000 ; 210.000 ; 200.000 ; 200.000 ; - ; 1.000.000 ; - ; - ; 400.000 ; - ; 400.000 ; - ; 400.000 ; - ; 400.000 ; 703.000 ; - ; 905.000 ; 138.750 ; 400.000 ; 449.550 ; 749.250 
